yorum,duygu
Kugerr makine ve Marmaris servis Batu Ticaret inanilmaz kotu.,negative
ürün gayet iyi ama kurulum sıkıntılı,negative
fiyatına göre cok iyi  montajı kendım yaptım sabahı bekleyemedım buyuklugu harıka,positive
"birkaç ay kullanıp atarsınız, malzeme kalitesi çok kötü. suya giren bir ürün olduğu için paslanmaz olması gerekirken , vidaları paslanıyor ve elektrik bağlantıları kopuyor.",negative
"çok kötü bir film bence,ayrıca hiçte etkilenmedim ama müzikleri çok güzel...",negative
ürün güzel memnun kaldım teşekkür ediyorum hepsi burada...,positive
fiyatına göre iyi sadece plastik aksamları biraz kötü,negative
"sanat için sanat derler ya, bu da vahset için vahşet işte. berbat bir film. yine de benim gibi sadist ruhluysanız izleyin. fakat sakın bunu testereyle kıyaslamayın, testere külttür bununla alakası yoktur. bu gereksiz bir filmdir 1/10",negative
"kesinlikle vakit geçirmeye değmez. oldukça kötü bir film. bu kadar kişi nasıl iyi not verir anlamıyorum. ayrıca o kadar çok küfür ediliyor ki, askerde bile bu kadar çok küfür duyduğumu hatırlamıyorum... sakın izlemeyin.",negative
"ürün 2 günde elime ulaştı, fiyatına göre alınabilecek en iyi ürün. belli bir bütçeyle telefon aramaya başladıysanız aramayı bırakabilirsiniz telefonunuzu buldunuz.diğer sitelerde fiyatlar daha uygun gözüküyor ama üç kuruş fazla olsun hepsiburadadan olsun.",positive
"Sonu çok tahmin edilebilir bir film.. Hep aynı hikaye. Filmin atmosferi hoş, gizemli olmuş, ama gerilim sevenleri tatmin edecek bir film olmadığını söyleyebilirim. (6,5/10)",negative
Ürün açıklamalardaki gibiydi ancak kargo firması ile sorun yaşadık kargoyu yukarıya çıkarmadılar binanın önüne attılar gittiler.,negative
tek kelimeyle olmamış.. yani bu abi ya o karakterler ne öle komedi filminden cıkmıs gibi özellikle yaslı kadın:D10/3 berbat zaman kaybı...,negative
Tesisi tavsiye etmem gideni de caydırırım otel eski hizmet sıfır.,negative
berbat bir otelyemekler çok kötü odalar çok pis personel özelliklede resepsiyondakiler çok ilgisiz,negative
"bu nedenle biraz daha bütçe ayırıp, lumia 640 serisinden bir model tercih edilmeli.",positive
basyapit..dahada ilerisi bence bu film ve joker yani heath ledger sinema tarihinde hicbizaman unutulmayacak bi yer alacak..,positive
Media marketten fakir tvl 90 kule tipi aldım almaz olaydım 5 kez servise yolladım kasko yaptırdım .sorunu saga sola dönerken takır tukur ses çıkartıyor keşke almasaydım hiç tavsiye etmem servis sıfır yazıklar osun,negative
çok tv seyreden bir aile değiliz. çocuklar istiyor diye aldık. fiyatına göre çok iyi.,positive
"ürünü eşim için aldım. bu ürünü almadan önce hem eşim hem de ben çok araştırdık, özellikle iyon teknolojisi ve boyalı saçlarda da yıpranma yapmadan kullanılabilmesi bu ürünü tercih etmemizdeki en önemli nedenlerden. ürün sipariş verdikten 2 gün sonra elimize ulaştı, ayrıca piyasa fiyatının da çok altında bir fiyata aldığımızı düşünüyorum.",positive
ürünü çok araştirdim fi̇yat konusunda daha uygun bi̇r yer bulamadim ve arkadaşimla 2 adet aldik  süper yikiyor. hemde pahali deterjan kullanmiyoruz. güzel maki̇ne ve sesi̇ rahatsiz etmi̇yor. tavsi̇ye ederi̇m.,positive
beklediğimden daha iyi bi ürün,positive
Komedi filmlerinin ustası Jim Carrey bu filmde de bizleri güldürmeyi başarıyor ...10 üzerinden 8 puan veriyorum ...,positive
ürün kısa zamanda geldi. fiyatına göre uygun ve kaliteli,positive
"ürün harika istediğim gibi geldi. i̇ç kısmını merak etmiştim, iç kısmı metal değil metal cinsinde bir plastikten yapılmıştır siyah renktedir. dış beyaz görünen kısım metaldir. ayrıca alt tabanında kaydırmaz sünger bulunmaktadır. 500 ml 'lik ağız kısmında kapağını açmadan içebileceğiniz kısım bulunmaktadır.",positive
Gerçekten Facia. Bu isimleri duyupta filme beklenti olmadan gitmek olmazdı. Ama bırakın beklentilerimin yarısını karşılamayı beni filmde yarım saat tutamadı.,negative
Halk büyük tepki gösteriyordu polise Neden koruyorsunuz Bırakın ölsün vatan hainleri diye haykırıyordu TEMMUZDESTANI,negative
"çok basit ve kullanışlı bir ürün. özellikle şarjının çabuk olması, titreşim özelliği ciddi artılarıdır. ses kalitesi güzel olup fiyat açısından mükemmel bir seçim olduğunu düşünüyorum.",positive
tatlı güzel bır ajanda,positive
kaliteli bir ürün çok beğendim bir çit aldım,positive
bu fiyata gore guzel performans..,positive
"sipariş verdiğim gün kargoya verildi, teşekkür ederim",positive
"reklamlarına aldanıp yanılmayın, buna verilecek parayla çok daha iyi ve kaliteli duş başlıkları alınabilir.",negative
pratik ve kullanışlı ben beğendim,positive
Her şey çok iyiydi. Etstura teşekkür ederim onların tavsiye üzerine gittim mennunum.,positive
tek kelime ile  uçakta yorumları okuyunca biz ne yaptık dedik ama hiç yazılıp çizildiği gibi değil evet turistik bir yer ama ilgi alaka hoşgörü son derece güzeldi günlük oda temizliği klimaların calışması yemeklerin güzelliği ve bol bol bı isteginiz arzunuz sıkıntınız var mı diye sorulması ile mükemmel bir işletme hizmette emegi gecen herkese sonsuz teşekkürler,positive
bu paraya alına bilinecek en iyi ürün.,negative
gerçekten güzel bir havlu fiyatına göre idare eder.,positive
gerçekten çok kaliteli. uygulaması da aynı şekilde kolay. daha pahalı olan muadiline göre hiçbir eksiği yok.,positive
zaman kaybı sadece.. ne oyunculuk ne de başka bişi belemek anlamsız bu filmden. ne efekt nede başka bişi. aşk filmi izlicekler daha değişik filmlere yönelsinler.,negative
i̇landa neyse kargoda gelende o fiyatına göre de bu kadar olabilirdi zaten tavsiye edilir. satıcıya teşekkürler.,positive
monte vidaları çok kalitesiz ancak montajı çok kolay. fiyatına göre oldukça iyi bir ürün.,positive
Guzel pisiriyor bir sıkıntı yasamadim,positive
"kişisel gelişim kitapları arasında en iyilerden birtanesi. mümin sekmanın kitapları hakikaten başarılı.i̇nsanın kendini keşfetmesine yol gösterici, şevk verici, hele kitap içindeki örneklemeler süper",positive
"şık, zarif bir ürün. o konuda hemen herkes hemfikir galiba. diğer noktalara gelirsek eğer;",positive
yahu arkadaşlar sizinle benim aynı filmi seyrettiğimize ben inanmıyorum bu filmin nersi güzel bu film seyirci yaparsa haluk bilginer ismi yüzünden yapar bu filmi gece yarısı seyrettim az aklsın uyuyodum,negative
İnsanın kıymeti yok ki hayvana kıymet versinler bazen çok şey umud ediyorsunuz,positive
ağız kısmından emdiği tozu yanlardaki hava kanallarından püskürterek tozun arabanızın heryerine dağılmasını sağlıyor.kesinlikle tavsiye etmiyorum...,negative
fiyat kalite konusunda oldukça başarılı firma ürününün arkasında duruyor,positive
"fazladan saç çıkartıyormu bilmiyorum, ama olanı dökmediği yada minimum döküntü yaptıgı kesin. kozmetik markaların pahalı şampuanları avuç avuç saçımı döktükten sonra bioxcine döndüm tekrar",positive
ürün fiyat performans bakımından başarılı.,positive
"ürünü aldım kullanışlı,yurt dışında çalıştığım içi,n böyle bir seti istiyordum ihtiyaçlarıma kolaylıkla cevap veriyor.kullanışlı bir alet umarım sizinde  işinizi görür",positive
Urun ilk geldiginde guzel biseydir dedim ama malesef 5 para etmez hic birsey cekemedim,negative
"2 yaşında oğlum için aldım ve devamlı kullandığım bez, fakat 3 gün önce aldığım paket çok kötü çıktı,i̇ncelmiş ve çok sızdırma yapıyor. fiyat kampanya yaptıkça kaliteyi düşürüyorlar, i̇ade edeceği̇m....",negative
teşekkürler gönül rahatlığı ile sipariş verebilirsiniz.,positive
cok ince kesinlikle sıcak hicbirsey içilmez. i̇yi bir ürün oldugunu düşünmüyorum. tekrar baska bir yerden almak zorunda kalacagımdan zarar ettim. almamanızı tavsiye ederim.,negative
çok süperdi şaheserdi izlediğim en iyi filmdi,negative
Odalar cok güzeldi.,positive
"bir kere şunu artık kabul ettim ki durex kondom konusunda dünya da bir numara, hepsini denemiş biri olarak diyorum ki bundan ötesi yok, kesinlikle artık hep durex alacağım...",positive
cok kisa surede isiniyor. kisa surede mukemmel sonuc alabilirsiniz benim saclarim belime kadar cok rahat ve guzel duzlestiriyorum. herkese tavsiye ederim parasini kesinlikle hakeden bir ürün,positive
ancak son siparişte fark ettik ki bezler değişmiş. çok kalitesiz olmuşlar.,negative
vaat ettiği her şeyi yapıyor. tefal kalitesi bambaşka,positive
ürünü başka bir yerden aldım. genel olarak kaliteli ve şık sayılır. ancak kamera uzun süre açık kalınca aşırı ısınıyor bu durum sinir bozucu bunun yanında foto kalitesi çok iyi kısaca ısınma haricinde güzel bi telefon,negative
tek kelime ile harika almak isteyenlere tavsiye ederim,positive
"Oldukça sıradan bir film, izleyerek zamanınızı kaybetmeyin",negative
beklediğim gibi değil. dokusu çok zayıf. rulo için sarılmış lastik izleri derin izler bırakmış düzelmiyor. daha önce aldığım 1.5 cm lik olanı daha tok ve kaliteli. ama bu 10 mm lik olanının malzeme kalitesi kötü. hayal kırıklığı yaşadım. 2 adet almıştım birini iade edebilirim....,negative
"Bana göre kasa küçük, bilekleri kalın olanlar için uygun değil küçük kalır.",negative
ürün orijinal ve telefonu güzel koruyor. elden kesinlikle kaymıyor.,positive
i̇nternetten alış veriş yapmaktan korkmayın.,positive
"sinamatör sana katılıyorum,çok merak edenler 6 ay beklesin zaten tv de çıkacak.bişey degil bu gidişle bütün tutulan dizileri film yapıcalar.türk sinaması izlicekseniz bekleyin g.o.r.a çıkacak.verdigimiz paraya deysin",negative
elif ağzının ortasına kürekle vurmak istiyorum seni pislik şırfıntı,negative
urun gayet guzel fiyatida iyi benim tv 124 ekran bence buyuk ekranlar icin biraz ufak gibi geldi,positive
Yer yer güzel yer yer sıkıcydı. Fazla üsütünde durulacak bir film değil. Ama ilginç bir film olmuş.,negative
çok muhteşem bir film sonu etkileyici gerçi ben filmin sonunu tahmin ettim ama atma yöntemiyle 9 verdim,negative
bir arkadaşımın durmadan izlemelisin diye hergün söylendiği filmi en sonunda tv de verdiler ve izledim.. Film bittiğimde tek söylediğim şey ''böyle bir filmi nasıl olurda aylarca izlememişim ben! '',positive
sağ eli soldan büyük parmaklarının biri küçük biri büyük ne biçim iş yapıyonuz,negative
çok memnunum her deli̇ğe gi̇rebi̇li̇yor çeki̇şi̇ de hari̇ka tavsi̇ye edebi̇leceği̇m bi̇r ürün hanimlara fi̇yat olarakda çok cazi̇p,positive
Bu film korku filmi mi? Hayır. Bu film gerilim filmi mi? Hayır. Bu filmin Testere 1’le bir alakası var mı? Hayır. Bu film mi? Hayır.,negative
Bir film uzadıkça suyunun çıktığını düşünenlerdenim.. İlk 2 si güzeldi ama bu sıkıcı olmuş.. İzlemeseniz de olur..,negative
5 günde elime geçti. hd köşeleri el kesecek kadar capakli. hızı güzel. dokunmasan şık duruyor.hb ye teşekkürler.;(,negative
fiyat performans açısından çok iyi beğendim iş görüyor..,positive
çok hoşuma gitti. tavsiye ederim.,positive
Ne kadar gereksiz bir filmdir bu....,negative
ürün güzel şıuk fakat müzik dinleyemiyorum telefonum vodafone 945 bilgisi olan varsa paylaşırsa cok sevinirim kulaklığın titreşim olayı cok hos tavsiye ederim,negative
gerçekten i̇i̇ guzel ve kali̇teli̇ vede farkli,positive
ürünün fiyatına göre özellikler yetersiz,negative
kaza ve kaderine rıza gösteren hayırlı ömür salih evlât dünya ve ahirette güzellik ihsan et ana ve babamızı da mağfiret,positive
Filmin sonundaki o tanıdık sesin -Sealın- filme bu kadar yakıştığını da yazamadan geçemeyeceğim,positive
hiç iyi değil beklentinin çok gerisinde tavsiye etmem,negative
fiyatı çok makul,positive
Ürünün bluetooth baglantisi sık sık kesiliyor. Bağlanti olmadığı için telefondaki programdan verileri elde edmiyorz. programi acik tekrar baglanti kurmak zorunda kaliyoruz.İade ve degişim talebimiz reddedildi.Dolayisiyla almanin pek bir anlami yok.,negative
alarm olayı iyi titreşimide kuvvetli fark ediliyor aramalarda alarmda,positive
hepsiburadaya çok tşkler ürün hemen elimeize ulaştı gerçekten çok kaliteli bir ürün yaklaşık 3 yıldır kullanıyorum değiş markalarıda kullandık fakat eşimde bende bun markadan çok memnunuz alına bilir ...,positive
orta kalite prima. piyasadan daha ucuz. tekrar alabilecegim urun. tavsiye ederim.,positive
4 gundur kullaniyorum cok harika .yalniz kurulum yaparken once. kucuk vidalari takip sonra en buyuk vidalari takmalisiniz.tesekkurler,positive
şimdilik memnunuz kullanışlı kibar tek  kötü yanı 8gb olması onun dışında gayet performanslı,positive
valla ben bişey anlamadım pek güzel değildi sadece sonunda çalan marş dinlenmeye değerdi diye düşünüyorum yazık olmuş emeklere bekleneni veremedi,negative
1. kanal geçişleri yavaş mı?,positive
3 farklı hayatı birleştiren bir film. evet başta bu fikir güzel gözüküyor ama 3 hayatta o kadar boş bir konu ile işlenmişki sanırsınızki duygu yüklü bir film ama tamamen sıradan ve gereksiz bir film olmuş. izleyipte harika mükemmel süper diyenlere bakmayın filmin hakkı en fazla 4/10,negative
1 hafta kullandik su kaynayinca otomatik kapama bozuldu.simdi servisle ugras  berbat bir urun tavsiye etmem.,negative
arkadaşlar bu filme verilen paraya yazık ben hiç beğenmedim ilk filmle hiç alakası yok bol küfür ama sıfır espiri var fiyaskodan başka bir şey değil iki tane güzel espiri var onlarda zaten fragmanda vermişler onun dışında bi güzellik yok :(,negative
mention mı çalıyor vay ak,negative
alıcı olarak ml den anlamamak ortak derdimiz. kutunun boyutlarını vermek en doğru seçim olacaktır. ama denediğimiz ve dildiğimiz bir ürün.. fiyat olarak da gayet iyi. ama seyahat boyu diye not düşülmeli...,negative
Hediye olarak almıştım.İlk kullanımdan itibaren içinde benekler oluştuğunu söylediler. Şu an için bilemiyorum. Ama korkmazın diğer ürünlerinden memnunuz.,positive
çok kötü olmuş beklenmeyecek bir performans verdiğim paraya acıdım...,negative
Daha nasıl basitleştirilebilirdi bilmiyorum.,negative
tek kelimeyle sıkıcı bana göre film de herşey çok çabuk oluyor savaş bile çok kısa bilmiyorum bu filmde mücadele uzun olmalıydı dıge dusunuyorum,negative
3 kere izlemeye çalıştım 3 ünde de uyuyup kaldım...tamamen sıkıcı ve uyuşuk yapılmış bir film...,negative
biricik karıma aldım. çok memnun oldu. ilk utusu gömlek jilet gibi oldu. küçük olması iyi ancak su haznesi küçük en fazla 3 parça utuler. bu fiyata en iyisi.,positive
i̇llaki turbolu araçta kullanılacaksada gerçekten bitmiş motorda bir şeyler yapabilir onun dışında pek bi işe yaramaz,negative
yılların eskitemediği kızların baygın baygın bakmasına vesile olan erkek kokusu..:) uzun bir aradan sonra tekrar aldım..,positive
fiyat uygun..boyutlar iyi..size yer sorunu yaratmayacak..temizlik konusunda da hayal ettiğiniz sonucu verir nitelikte..sadece bir saklama kabı yada kılıfı falan  olsaydı daha iyi olacaktı diyebilirim gene de ihtiyacınız varsa hemen alın bence..,negative
"ürün güzel, anlatıldığı gibi ama kargo çok uzun sürdü biraz daha dikkat lütfen",negative
senelerdir maxfactor kullanıcısıyım.ve bu ürünler harika.cildiniz hem hava alıyor hemde pürüssüz bir cilde sahipsiniz.hergün makyaj yapanlar kesinlikle bu ürünü kullansın.,positive
ben bu kadar basit bi ürün görmedim.. küçücük bi sünger allah aşkına o süngerle ne kadar temizlik olcak..kesinlikle gereksiz bi ürün.,negative
ben bir işe yaradığını sanmıyorum. yada ben uygulayamadım ama bir işe yaramadı.,negative
kargosu çok hizli di̇yarbakir gi̇bi̇ yere 2 gunde geldi̇.apart sorunu var.netten i̇zledi̇ğm vi̇deolarda deği̇şi̇k aparatlardan bahsedi̇yordu.onlari da alinca artik si̇zi̇ kimse tutamaz.sessi̇z ve seri̇ çali̇isiyo.şi̇ddetle tavsiye ederi̇m,positive
çok kalitesiz özellikler ön koltukların arka tarafları,negative
bi yürütecte olmasi gereken her sey var. bu fiyata gore cok kaliteli sayilir bence. tavsiye ederim,positive
"bence alınacak bir ürün değil,tavsiye etmiyorum.",negative
İzlediğim en iyi filmlerden biri.dünya çapında bir film,positive
"pişirmesinden memnunum,  pişirme esnasında ters çevirmeyin, buhar deliğinden etin suyu akıyor",positive
tavsiye ederim. cihaz zaten apple. burada hepsiburadanın hizmetinden bahsetmek lazm. o da çok kaliteli ve güvenli.,positive
her açıdan güzel bi filmdi....sinemaya merakı olan herkesin mutlaka ama mutlaka izlemesi gereken bi film.Kesinlikle tavsiye ediyorum.,positive
"güzel kullanışlı,kolay montaj",positive
"ürün yatay olarak asılmaya müsait şekilde üzerinde 2 adet asma halkası vidalı şekilde geliyor, söküp dikey hale getirdiğinizde hiçbir denge sorunu yaşamadım.",positive
ürün yeni elime geçti.görsel den farklı olarak kayış rengi biraz daha koyu ve boyutu bıraz daha büyük.fakat ürünün duruşu cok güzel rakamlat falan harika gözüküyor.para ve kalıte uyumu bakımından kesınlikle değen bir ürün,positive
şansızlık mı bilmiyorum kulaklık takıldığında telefon görüşmesi yapıldığında karşıdan ses çok az geliyor int bağlantısı kesildi diye arada uyarı veriyor çok ısınıyor güncellemelere baktığımda bağlatı kesildi hatası veriyor güncellemeleri görüntüleyemiyorum güncelleme yapamadım sim kartı taktığımdan iade yapamadım sim kartı takmadan çoğu sorun ortaya çıkmayacaktı,negative
Gittikçe daha kötü ve sıkıcı olmaya başladı scary movie serisi.gerçekten korkunç kötü olmaya başaldı.ben 2.cd'de uyudum şahsen :),negative
kaliteli ürün tavsiye ederim,positive
kötüotein kalitesi iyice düştü aslında yeri çok güzel otele yazık ediyorlar yenilemeye alıp kaliteyi yükselte bilirler,negative
Plastik yapısı çok kırılgan. Her an başına birşey gelebilir diye kutuda gezdiriyorum. bilseydin bu kadar ince ve kırılgan olduğunu almazdım.,negative
gerçekten fragmanı bile çok güzel merakla bekliyorum ...,negative
hem titreşimli hemde iki telefon destekli olması güzel.,positive
üründe herhangi bir sorun yok ve  aldıktan iki gün sonra bana teslim edildi çok hızlılar.,positive
ürün isminden beklendiği kadar kaliteli değil. suyu gördüğü gibi parçalanıyor.,negative
gonderı ürün herşey mukemmel gerçek bak hemen alın hemen,positive
Harika bir yapıt! Natalie Portmanın oyunculuğu gelecekteki performansını görmenizi sağlayacak kadar sağlam. Profesyonel ve çok zeki bir tetikçi ile küçük çırağı. Gerçekten çok etkileyici bir film. 10/10,positive
arkadaşım için aldım. harika bir hediye oldu. çok güzel ve şık bir tırmık. herkese tavsiye edebileceğim bir kaliteye sahip.,positive
çok kötü bir yapım. konusu sıradan. efektler çok çok zayıf. makyajlar kötü. film inanılmaz bir basitlikler içermekte. özellikle george clooney'nin ve salma hayek'in bu filmde oynadığına inanamıyorum. ayrıca yapımcı ve yönetmeni vs.sağlam(kamera arkası kadrosuda). ama olmamış. asla tavsiye etmiyorum.,negative
sesli çalışıyor.,negative
bu kadar iğrenç bi film olamaz ya 1.siyle kıyaslanamaz kesinlikle beklediğimden kötü,negative
cok yumusak ve kullanisli,positive
"kullandiğim ve beğendi̇ği̇m bi̇r üründü,ürünün hizli ve sorunsuz tesli̇mi̇ tesli̇mi̇ beni̇ ayrica memnun etti̇. umarim başka i̇hti̇yaçlarimi da hepsi̇burada.com dan bulma şansim olur, teşekkür edi̇yor i̇yi̇ çalişmalar di̇li̇yorum.",positive
son bi kaç yılın köstebekle birlikte en iyisi..,positive
"objektifin otomotik af motoru bulunmadığından nikonun bazı modellerinde manuel netleme yapmak zorundasınız. bu fotoğraf makinaları d40, d40x, d60, d3000, d5000, d3100, d5100 dir. bu makinalar ile birlikte kullanacaksanız otomotik netlemeyi unutmanız gerekir.",negative
18 bıcak olunca ucların degdıgı alan az buda daha uzun suren bakım suresı demek.. urun gayet iyi. fiyatıda benzerlerinden daha iyi.,positive
ürünü aldım 'süper hızlı' yazmasına rağmen bugün kargoya verilmesi gerekirken henüz ürün hazırlanıyor olarak gözüküyor..ne zaman kargoya verilecek,negative
"evet tarantino, bi stili var iyi yönetmen amaaaa eğer şu yaz günü gidip bi sinemadan zev almak istiyosanız o bu film olamaz kesnlikle 2.5saat geçmek bilmedi. 5/10. o da tarantino hatrına..",negative
"işte benim beklediğim filmlerden biriydi..afrikada yaşananları bi nebze de olsa ortaya koyması, sürükleyici senaryosuyla etkili bi film.. tavsiye ederim!",positive
"Ürün iyi olabilir ama servis berbat, adamlar artist. İklimsa nasıl böyle servislerle çalışıyor anlamadım. tehtid falan ediyorlar. Sakın internetten almayın, taktırana kadar çok uğraşırsınız.",negative
geç açılıyor iyi güzel menü var,positive
fakat bozulunca herşey ortaya çıkıyor,negative
"bu filme yorum yapılmaz ki yani yorumsuz bu film..izledim we inanamadım, 2000 li yıllarda yok zombilerle, kurtadamlarla korku filmi mi kaldı ya..bide 1 tanede değil, 3 kardeşmi ne,aman yarabbi..beyni uçar insanın..10 üzerinden 1, oda emeğe saygımdan yani yoksa 0..hayret walla ne duydum ne gördüm..wasat ötesi..",negative
türkçe anos söylemi̇yor,negative
ürünü sipariş verdim ertesi gün elime geçti şimdiye kadar herhangi bir problemle karşılaşmadım ve bu fiyata bu kaliteyi beklemiyordum herkeze tavsiye ederim...,positive
"ürünün rengine bayılarak aldım ve aynen burada göründüğü gibi geldi. sadece bana göre biraz uzun geldi ve atlarken biraz ses çıkartıyor. gerisi mükemmel, tavsiye ederim..",positive
"film zaman zaman sıktı beni,romantizm ya da komedi beklemeyin sakın.köpek de çok iticiydi.kısacası basit bi köpek filmi olmuş,oyunculara yazık edilmiş bence.daha eğlendirici bi senaryo beklemiştim.",negative
gerçek deri değil ancak kaliteli bir vinil. direksiyonu yıpranmış ya da değişiklik isteyenlere kesinlikle tavsiye ederim. 2005 lancerime uyguladım mükemmel oldu. i̇p 50cm kadar arttı. dikme işi 2 saate yakın sürdü. mükemmel oldu.,positive
GÖKTAŞI NEREDEN ÇIKTI LAN ?,positive
İnanılmaz saçma film..Boşa zaman kaybetmeyin derim..1/10,negative
çok fazla beklentisi olmayanlar için idare eder işte.,negative
ben hiç begenmedım çok sıkıldım bekledıgım gıbı bır fılm dıgldı,negative
Filmin konusu iyi ama konuyu iyi işleyememişler yani seyirci cekmek icin Erotik yoğunluklu sahneler koymuşlar ama bence bu işe yaramamış,negative
hızlı kargo ve eksizsiz gönderim telefon fiyatına göre güzel ve özellikli kolay menü ve hassas dokunmatik kamera çekimi güzel net ve kalideli bir cekimi var almak isteyenlere  tavsiye ederim,positive
2 ay kullandım . temizleyici ama soyucu değil,negative
"cep telefonu gerek malzeme kalitesi,gerekse de özellikleri ile muhteşem. almayı düşünen arkadaşlara kesinlikle tavsiye ederim.",positive
sokaktaki 4 ayaklarım için aldım,positive
çok kaliteli ürün. uygun fiyat.,positive
"ethernal sunshine daki farklı performansından dolayı Carrey'nin bu filmde de ii bi performans sergileyeceği hissine kapılmıştım nedense; ama yanılmışım... farklı bi konu olsun diye çok kasmışlar, sonuçta ise saçma bişi çıkmış ortaya... vizyonda daha ii film bulunmazsa izlenebilcek bişi fakat alıp da dvd'den falan izlemek hem vakit hem para kaybı olur şahsi kanaatimce... ben 3/10 verdim",negative
Saçma sapan bir filim.......,negative
kamp alanında hem yemek hemde gündelik işleriniz için rahatlıkla severek kullandığım bu ürünü şuan yedek olarak aldım. zeytin sap kullandıkça gerçekten güzel bir renk alıyor. i̇nox olanı tercih ettim kolay kolay körelmiyor. kilit kelepçeside bana göre olması gereken güzel bir dizayn.,positive
İzlediğim en iyi animasyonlar arasında. 10/10,positive
"evdeki kedim bile kendisine prenses maması alınmasına rağmen sokaktakilere indirirken bu mamanın peşinden koşuyor. bütün kediler seve seve yiyor. fiyatı oldukça uygun, sokaktaki canlar bol bol yesinler diye kampanyaların sürekli olmasını umarız. bir de paketlerin içinde hediye kürek ya da kepçe olsa ne güzel olur :)",positive
telefondan çok memnun kaldık. kardeşime aldık. çok mutlu oldu. ürün satışı ile ilgili tüm aşamalardaki doğru ve güvenilir uygulamalarından dolayı hepsiburada'ya teşekkür ediyoruz.,positive
Sakın kimse almasın berbat bir ürün ben aldım teker teker her parçası bozuldu Korkmaz'ın hiç bir eloktironik eşyasını tavsiye etmiyorum,negative
2- ürün özelliklerinde herşey doğru  +,negative
renklerindeki asalet ve ürün kalitesi ile 10 numara. :),positive
"selamlar,çeyizim için almış olduğum tefal duduklu tencereden cok memnunum.zor pişen bütün  yemekleri kısa sürede lezzetli bir şekide pişiyor.hem zamandan hem gazdan tasarruflu lezzetli yemekler ;)",positive
"berbat ötesi bir film, sakın titaniğin oyuncularını görünce bişey sanıp heveslenmeyin, hayatımın 2 saatini bu filmi izleyerek çöpe attım. bir an evvel bitsin diye dua ettim okadar söyliyim..",negative
ürün gayet sevimli ve ele rahat sığıyor ve kullanımı da rahat ama biraz sert oğlumun cildini tahriş etti o nedenle şimdi sadece banyo yaparken oynasın diye küvete koyuyorum.ben memnun kalmadım,negative
buyuk olduğundan kullanışlı degil malesef. ancak bu fiyata gayet iyi.,positive
gigaset 6 sip hesaplı. ip telefon hepsiburada farkı ile. 4 ayrı marka ip telefon kullanıyorum en billur ses bu makinede. bu cihazı çok uygun fiyata sahip olmamı sağlayan hepsiburada firmasına teşekkürler.,positive
"george cooloney artık film çevirmesin,sinemadan uzak dursun nedir bu ya,hiç tavsiye etmiyorum,yazıklar olsun bu kadroyada,yönetmenede.",negative
fiyat+ performans +tasarım harika,positive
urunu kolonyaya benzeten yorumlara ragmen aldim ve sonuc hayal kirikligi oldu. bu parfum/kolonyaya en yakin koku rebul marka ice modeli kolonyadir. bu parayi hak etmiyor.,negative
su ana kadar kullandığım en iyi tablet diyebilirim,positive
hızlı kargo sıkıntısız ürün herşey için teşekkürler...,positive
arkadaşlar 9 ay kadar önce almıştım. 10400 mah değeri desteklemiyor ortalama 3000 mah' a sahip bir telefonu 3 defa deşarj halden full şarj yapması gerekirken 1 defa anca yapıyor. bazen 1 buçuk defa. ayrıca orjinal test kodunu sisteme girdiğim zaman daha önce 5 defa sorgulanmıştır diye bir ibare ile karşılaştım.,negative
4- eğer pi̇l arizaliysa dolum yapamadiğini beli̇rten sari işik yaniyor.,positive
Özel efektler olmadan ve hatta oyunculuğun üzerinde de fazla durulmadan bir film senaryosunun gücüyle takdire şayen bir yapıta dönüşe biliryormuş... Testere bu türü sevenlere düşmeyen temposu ve sürpriz finali ile harika dakikalar geçirtecek iddealı bir film... Hala görmediyseniz mutlaka görün.,positive
ürün çok güzeldi kayma felan yok gayet başarılı ellerinize sağlık,positive
uzak durun bu filmden..russel crow için izledim pişman oldum..10/1,negative
Cidden sizin gibi insanlarla aynı ülkede yaşadığım için kendimden utanıyorum! Aryakuş her zaman yanındayım(ız) umarım o pislik bir an önce yakalanır,negative
bence kitaba göre film çok basitti,negative
ürün sorunsuz bir şekilde elime ulaştı rengini de çok beğendim,positive
"toptan almak hem hesaplı hem de iki de bir markete gitme derdi yok. prima premium care bebek bezi çok güzel bir ürün bebeğimizde hiç tahriş yapmıyor. önemli olan onun sağlığı, tavsiye ederim. hepsiburada alilerime de ayrıca teşekkürler, çabuk kolay ve güvenilir bir alışveriş sağlandığı için.....",positive
Demir gibiyim yere çak girerim,positive
belki ana başlıklarda evet sorunu tanımlıyor olabilir ama sorunun çözümü ve karşılaşacağınız bir sonraki adımla ilgili bilgiyi bulabileceğiniz bir kitap olamamış tabi bu benim fikrim.,negative
ön koltuklarda olanlar normal. ama onlarda inip biberkwn kayıyor. lastik dikmek lazim,negative
klavye koruyucu hariç diğerleri kötü.,negative
"sandisk usb flash bellekler oldukça kaliteli ürünlermiş. aldım ve kullanıyorum çok memnunum.fiyatı çok uygun, kargo ise 2 günde getirdi.teşekkürler",positive
"fosfor yok , renksiz plastik parçalar.",negative
Boş bir film. Bana göre hiçbir artısı yok. Aksiyon desen oda yok. İçeriği boş anlamsız. Birkaç özel efekle sinema yaptıklarını zanletmişler. İzlenmeye değmez.,negative
Beni pek sarmadı açıkçası.,negative
"en ufak kırıntıları,taşı,toprağı hiçbir şeyi çekmiyor. geri iade de edemedim. bunu alacağıma keşke uzatma kablosu ile basit bir ev elektrik süpürgesi alsaydım. çok daha memnun kalırdım. alan zarar eder.",negative
fiyat kalite uyumu başarılı. düşünmeden alınır.,positive
kısa sürede teslimat kırılmaması için özenilmesi mükemmmel hayran kaldm,positive
bana soylenen  tek kelimeyle cok iyi bir urun,positive
ürün fiyatına göre bir etkiye sahip.çalışmak için ne kadar vakit ayırırsanız o kadar etkili oluyor.eğer az çalışırsanız çok bir faydasını görmeyeceksiniz.ama ürünle çalışmak için vakit ayırırsanız karın kaslarınızdaki değişikliği hissedebilirsiniz.,negative
arkadaşlar ürünü herkes gibi almadan önce inceledim ve buna göre karar verip aldım. hemen 2 tane halıda uygulama yaptık sonuç iyi fakat cosla halı sampuanı daha iyi iş görüyor eşim bu şekilde kullanıyor. hb ya teşekkürlerimi sunuyorum.,positive
kedilerim bu ürüne bayılıyor. güzel ürün.,positive
ürünün çekim kalitesi berbat telefonu pantolonun cebine koyunca bile telefon kesiliyor telefonu sürekli elinizde tutmanız gerekiyor  bu fiyata değmez.,negative
Çok çok fazla çökmüş burada,positive
Tavsiye etmiyorum. Senaryo çok havada kalmış. Sonuda kötü yapılmış. Seyrettikten sonra hemen unutmak isteyeceğiniz bir film. 4/10,negative
özellikle ışığı çok yetersiz ve 4 tane değil 2 tane geliyor bana siyah geldi ancak ışığı dediğim gibi yetersiz,negative
başarısız gücsüz pek bi işe yaramaz,negative
aldığımdan beri kullanıyorum. basit plastik gibi görünse de kesinlikle sağlam. paranızın karşılığını alırsınız. tavsiye ederim. uçus süresi 10 dakika kadar ama o boyuttaki ouyuncak için çok normal. teşekkürler h.b...,positive
bu filme nabızın matinesini kaçırdığım için gitmek zorunda kaldım ve 2. da vinci vakasını yaşadım çok sıkıcıydı yani anlaşılırlığı geçtim bi heyecan yok bu tür filmler çok fazla galiba bu benim son polisiye filmim olacak:D,negative
yaklaşık 1 yıldır kullanıyorum toz deterjanlara göre gayet güzel bir ürün kokusu da öyle hepsi buradan gayet uygun bir fiyata aldığımı düşünüyorum,positive
kesinlikle izlenmek için vakit harcanacak bir film değil,negative
Beklediğimi bulamadım birkaçının oyunculuğu iyi ama diğerleri için aynı şeyi söyleyemeceğim.vakti bol arkadaşlarıma tavsiye ederim. Saygılarımla..,negative
"Olumsuz yönleri: çok basit, yazık oldu paraya",negative
hepsi buradanın en güzel yanı hızlı alışveriş olması. teşekkürler :),positive
bir tüp boşalttım hiç faydası olmadı,negative
yorumlara bakarak aldim ama alir almaz is yerinde lazim olan kullansin diye biraktim,negative
"tabi bu seviyeye getirene kadar hata yaparsanız , veya şablona dikkatli bakmazsanız söküp tekrar takmak zorunda kalacaksınız ve o anlarda internetten aldığınıza pişman olabilirsiniz. ancak dikkatli ve 2-3 kişi yaparsanız sizin için daha hızlı ve rahat olur.",positive
"gayet guzel bir urun, hizli ulasti",positive
"evet, bu ürünü tavsiye ederim.",positive
"6 aydır kullanıyorum, çok memnunum. hiçbir kusuru yok, hem maçlar hem de filmler için, sinemaya gitme ihtiyacı hissetmiyorum. gün ışığında bile çok net görüntü veriyor.",positive
"ürün kesi̇nli̇kle hakkini veri̇yor.ortalama 30 daki̇kada paçalardan ter damlamaya başliyor.ayrica ben 1,85 boy 90 ki̇loyum.xl aldim bi̇raz küçük geldi̇.buradan yola çikabi̇li̇rsi̇ni̇z.teşekkürler hepsi̇ burada...",positive
Bu filmi sinemada izlemenizi tavsiye etmem. Eğer filmi sinemada izlerseniz;1)Geçici kulak rahatsızlığı yaşanabilir.2)Verdiğiniz paraya yazık olur.,negative
benim bu seneki oscar yarışında en iyi yönetmen ve eniyi erkek oyuncu dallarında favorimdir bu film.gerçektn mükemmel.,negative
ya senarist konuyu bağlayamamış ya da zaman yetmemiş... Sanki filmin yarısı çekilmemiş ya da ortasından bir yerden büyük bir bölümünü kesmişler gibi...,negative
zaman kaybı çok kötü espiriler konuşmalar anlaşılmıyor... sonuç çok kötü bir film,negative
cok iyibir urun firma cok ilgili bastan telefonla arayip   ilgileniyorlar.,positive
korku adına hiçbirşey taşımayan bir film tek atın gemiden atlayıp parçalandığı yer güzel gerisi beş para etmez,negative
filmi beğenmedim ben. yani mide bulandırıyor pek germiyor.,negative
Ürün parasına göre iş görür lakin servis kurulum için 30 lira para istedi. Bu ne biçim iş anlamadım.,negative
"buradaki yorumları okuduğumda ilgimi çekti henüz deneme fırsatım olmamıştı, geçen yıl arkadaşımın passatında denedim karda buzda gayet iyi yol tutuşu. bolunun kış şartlarını herkes bilir. burda kendi aracıma da petlas aldım. kartalkaya kayak merkezine 2100 metre rakıma tık demeden çıkıyor. çok memnunum. markaya para ödemeyin. hem güvenli seyahat edin, hem ülkeye katkı yapın.",positive
gayet ergonomik ve güçlü. kudretine hayran kaldım. yön değiştirme ve hız ayarı sayesinde çok daha seri vidalamalar yapıyorum. yani sadece matkap değil. :),positive
gerçekten harika bir ürün. kargo süresi gerçekten harika. anında elime geçti. ayaklarım resmen pamuk gibi oldu. bence piyasanın en iyisi.,positive
hiç heycanını yitirmeden geçen zamanda son sahnede de heyecen doruklara ulaşıyor gerçekten kesinlikle izlenmeli şiddetle tavsiyeden kaçınmıyorum :D,positive
ürünü alalı 1 hafta oldu kurulumu son derece kolay çalışmasıda bir o kadar da sessiz bu fiyata bu ürün kaçmaz,positive
bu fiyata mükemmel bir ürün.,positive
"ürün elime gecti..gayet güzel , kullanışlı fakat eski süpürgeme göre birz büyükce ..emiş gücü gayet iyi ..teşekkürler .",positive
berbatotel tek kelimele rezalat yemekler cok kalitesiz odalar berbat temeizlik yapiliyor otel rus dolu turklere ilgi yok ne yemeklerde ne animosyonlarda ne hayuz basinda kesinlikte aile oteli degil hic tavsiye etmiyorum,negative
telefonu kardeşime aldım çok memnun kaldılar. üstelik ürün tahmin edilen süreden çok daha kısa sürede ulaştı. hemde piyasa fiyatının daha altında bir fiyata aldık. daha önceki alışverişlerimde olduğu gibi bu alışverişimde de bizleri memnun eden hb ya teşekkürler...,positive
"araştırıp aldım, en iyi set bu. her işimi görüyor.",positive
Mause oldukça küçük bir bayan elinde daha uygun gibi. Küçük olduğu için tasarımı ergonomik olmaktan çıkıyor avcunuzun içinde kayboluyor ve çok fazla bilek ağrısı yapıyor. İmleç hareket etme yeterince akışkan değil parasını kesinlikle hak etmiyor. Mouse alacaksınız mouse üreticisi bir firmadan alın. !!!,negative
sayın vekilim 4c liler sizden destek bekliyor yeteri kadar mağdur edildik artık adalet y,positive
"Boş film,zaten genelde kızlar gider buna,onunda sebebi belli.Dünyaca ünlü İMDB sitesine bi bakıyım kaç puan almış diye 22.000 kişi değerlendirmiş aldığı puan 4.5. O bile çok fazla bu filme..",negative
kullanışlı ama biraz fazla uzun tasarlanmış,positive
200 decede bile 1.5 saatde pişirmiyor böregin yüzünü hiç kızrtmıyor hiç kimseye tavsiye etmem,negative
"okurken şiir deryasında yüzer gibiyim. kamuya açık alanlarda okumayın, etrafınızdaki hiç bir olayı görmez ve hiçbir sesi işitmezsiniz. herkesin okuması gereken kitapalrdan bir tanesi la",positive
butterfly abs aletiniz var ise ayda bir almanız gerekli. hızlı gönderi için teşekkürler.,positive
hoş bir film değil..sıkıcı gerçekten..beğenmedim,negative
"Sıkıcıydı.. Espri yönüyle zayıftı, güldüren yerler çok azdı. 2. bölümünde bitmek tükenmek bilmeyen futbol maçı ve hiç bi güldürücü unsur bulunmaması filmi iyice sıkıcı hale getirdi.. Filmdeki emek gözardı edilemez ama şuda bir gerçekki G.O.R.A. nın 10da 1i bile etmez..",negative
cinayetlerdeki anlamsızlıklar başlarda seyirciyi sıksada sonlarda konu anlaşılmaya başlıyor.bolca zamanınız varsa izleyin derim...,negative
"ürünün kalitesi çok iyi. ürünün üzerinde marka adresi i̇srail verilmiş. üretim yeri ise çek cumhuriyeti, üretim tarihi de 2016 aralık üretimi olan geldi bana.",positive
3d yi istedikleri gibi kaliteli yapmayı becerememişler bu yüzden sadece 2d izleyecez .vizyon tarihleri değişti bu arada turkiye de 17 kasım da girecek vizyona.,positive
"çok kötü bir ürün,  gece yatmadan burnumu iyice temizleyip yapıştırıyorum sabaha karşı  yastığa yapışmış buluyorum",negative
Kulaklık aldım kalitesiz geldi.,negative
aldığim ürün idare eder. cokta memnun kaldigimi soyleyemem.,negative
bu güne kadar gördüğüm en iyi f/p telefonu.,positive
filmi izleyen arkadaşlarım ve atilla dorsay filmi yerden yere vurmuş. aynı zamanda izleyenler bazen gülmüş.dahası film tamamen kıyametle alakalı ve film çekimlerinde garip olayların yaşandığı söz konusu.objektiflere yansıdığına göre tanımlanamayan kapkara bir cisim oyuncuları hep rahatsız etmiş.ister inanın ister inanmayın!,negative
Çağan Irmak genellikle yaptığı filmlerde özellikle film sonunda yorumu izleyiciye bırakıyordu. Bu film bana göre en kötü çağan ırmak filmi. Başka bir kentte yaşayan bir ahşının yatak hikayeleri. Hepsi bu.Çocukkende böyleymiş. Sessiz ve içine kapanık bir insan.Filmden anladığımız bu.Başka bir şey yok. Ben beğenmedim.,negative
"satın aldığım süpürgenin içinden çıkan ile aynı kalitede. tavsiye ederim, fiyat olarak daha uygunu bulunamaz.",positive
üst modelini çıkarıyorlar bu sefer de arttırılabilir hafızayı koymuyorlar.anlamak mümkün değil bu insan oğlunu.note 4 aldım hiçte pişman değilim.64 gb mini sd hafıza da takınca kocaman bellek oldu.her yönüyle muhteşem bir cihaz. epey daha güncelliğini korur bu note4..memnunum ve tavsiye de ederim...saygılar...,positive
urun sorunsuz ve kisa surede elime ulasti kullaniyorum onceki sac kurutma makineme gore cok iyi fiyatida oldukca uygun tavsiye ederim,positive
"adamlar yapmiş. haki̇katen çok faydali bi̇r ürün, bu fi̇yata göre çok uygun. kurarken hi̇ç zorlanmadim. tek başima kurdum ve i̇ki̇ haftadir kullaniyorum. herkese tavsi̇ye ederi̇m.",positive
cok sıkıcı bir filmdi..kazandıran ne vardıki? hiç bişey..zeynepin 8 gununden bile sıkıcı...eric bana nın sbt ruhsuz bakışları nın da bunda etkisi var sanırım..,negative
"çok mu çok güzel bu kadar film varken , bu filmi bu kadar güzel yapan ne ben anlamıyorum. yok efendim çaresizlikmiş, baba oğul ilişkisiymiş , nerde kurgu , nerde konu derinliği, yapmayın o kadar güzel bir film değil........",negative
"film için kötü diye yorum yapılsa tamamda gitme demek ne onu anlamıyorum? 'gidin bu filme efendim, her filme gidin hatta.' özellikle bu tarz vadettiğini gerçekleştiren filmler için gitme diyenlere kulak tıkayın.",negative
opel combo 1.3 cdti da kullandım bir etkisi olduğunu düşünmüyorum. yorumlardan sonra almıştım bende.,negative
Otel doğa ve deniz arasında bir cennet gibi. Bu sebeble tatilim için bu sene tekrar tercih ettim. Hem hizmet kalitesi hemde lokasyon olarak tek geçerim.,positive
"jett i aldık, rahat ettik,",positive
"evde rahatlıkla ip atlayabiliyorum ve sayacı üzerinden ne kadar ip atladığımı görebiliyorum. fiyatıda çok uygun, kullanışlı, yazda geldi, tavsiye ederim.",positive
hem sessiz hem iyi yıkıyor . hem  yıkama hem kurutma  mükemmel. calgona elveda diyebilirsiniz  artık.8 k.g  yıkama  5 k.g kurutma var . eco buble ile   köpük yıkama ve   akıllı makine yok yok...,positive
çok berbat bir film....uzak durun,negative
2. sertlik olarak bridgestone turanza yaz lastikleri ile hemende aynı.,negative
igrençotelin animasyonu   üzerinden degerlendırsek ancak  olabılecek kadar kötü  yıldız degıl  yıldız bile fazla denecek kadar kötü bir oteldi bardakların üstünde lekeler vardı yiyecek yemek yok her gün pilav ve patates vardı türizim bakanlıgı bu otele nasıl  yıldız verdi anlayamıyorum bir tek havuzdan yararlanıyorum not : yıldızları sanki denizden toplamışlar,negative
ürünü bütün çekmeceler i̇çi̇n aldim. 2 ay çok rahat etmi̇şti̇m. artik oğluşum nasil açilacağini keşfetti̇. di̇şi̇yle çok güzel ucundan tutup açabi̇li̇yor.. keşke hemen açilan bi̇r ürün olmasaydi..,negative
Tamamen duygusal nedenlerden böyle yüksek bir puan almış.Yoksa 5/10 üzerine çıkmaması gerekir.Oyunculuklar berbat.Berhan Şimşek sadece davudi ses tonuyla konuşunca oyunculuk yaptığını zannediyor herhalde ama bu filmde hepimizin çok eleştirdiği M.Ali Erbil den bile kötü bir performans gösteriyor.Amacınız güzel bir film izlemekten başka birşeyse izleyin,negative
en son çare olarak almanızı tavsiye ederim çünkü giriş kısmının ayarını tutturamamışlar şarjı çıkartırken bayağı bir güç uygulayıp çekmeniz gerekiyor buda telefona veya ipade uzun vadede zarar verir.,negative
kutu icerigi bos sadece anakart 2 sata kablo ve cd cikiyor,negative
ürünü sag bılegımde agrı oldugu için egzersiz yapmak amacı ıle aldım.gayet güzel bu fiyata hiç bir yerde bulamazsınız tavsiye ederim,positive
mükemmel başka dıyılcek soz yok boyududa görunuşde guzl fıyatıfda ucuz ben daha pahalıya aldım esnaf fiyatlarından cok cok ucuz arastırmadan alınacak bır urundur...,positive
fiyat performans aralığında alınabilecek güzel hafif hızlı bir usb bellek... diğer usb bellekler arasında özellik ve marka olarak alınabilecek ürünlerden biri..,positive
berbat bi film :(James Cameron gel kurtar şu filmii :(,negative
hızlı kargo uygun fiyat güvenilir satıcı.,positive
en azından sağlıklı.,positive
bu mazadan alış veriş yapmanızı tercih etmem ürünleri adi ve kalitesiz aldıgım ürün bir haftada bozuldu,negative
iyi guzel begendım bu paraya kalıtelı,positive
Kesinlikle memnun değilim ilk aldığım gun haliyi kaldırıyordu şimdi ise sac tellerini bile süpürmuyor bel hastası etti beni sürekli hazneyi boşaltıp fitreyi temizliyorum ama fayda etmiyor kirintilarin üstünden in defa geçiyorum memnun kalmadım,negative
fiyatına göre iyi ve kaliteli. sorunsuz.,positive
"beklentilerimi karşılayan bir ürün, teslimatı da zamanında yapıldı..",positive
"Beklentimin çok altinda kaldi . Konu çok iyi olsa da iyi bir hikayesi yok . Hava da kalan 1-2 olay da var . Kiefer Sutherland disinda öyle müthis bir durum , bir is yok orta da ... 5/1.5 ...",negative
fiyatı hesaplı piyasaya göre. hepsiburada farkı ile çabuk geldi.,positive
ürün geldi 5+1 halt etmiş düşünmeden alın . kaç saatte şarjı doluyor bilgim yok.,positive
"kaynar sivilari 6 saat sicak tutuyor; disarda calisan birisi olarak en iyi yol arkadasim bu oldu; fiyatina gore cok iyi, tavsiye ederim...",positive
"bu film yaşamımda izlediğim en kötü filmlerden biri idi.. bolca kan ama kurgusuz.. konu çok kötü, saçma.. senaryo berbat.. kısacası izlemeyin, izlettirmeyin.. 1/10",negative
arkadaşlarım philips ütüden çok memnunum dedi.bende yorumları okumadan en üst modelini aldım.fakat yeteri kadar buhar vermiyor ve dinlenmeye koyduğumda kendi kendine buhar veriyor.daha önceki ütümden hiç farkı yok.,negative
cok ıyı bı urun 3u bır arada olmasıda buyuk avantaj ben haftada 2 3 kez kullanıyorum cıldınız tertemız ve parlak gorunuyor  kesınlıkle tavsıye ederım,positive
türk sineması adına bir facia :S :S :S ...ne amaçla neden çekildiğini anlamadım...film qomikte değil...kesinlikle zaman kaybı...özellikle sonu rezaletti...10/1,negative
Tesıs guzel ama cok devasa buyuk oldugu ıcın ısıtma problemı vardı restorantı bıraz küçüktü yemek kalitesini düşük gördüm.,positive
"bence de çok kötüydü. Çocukların neden öyle oldukları belli değil,sahneler amatörce ve sonu desen saçmalık. izlemeye değmez",negative
"sürekli farklı kokular tercih eden birisi olarak sanırım vazgeçemeyeceğim bir kokuyu keşfettim.tabi zevkler farklıdır fakat gerçekten çok iyi bir koku ayrıca kalıcı olmasıda cabası şiddetle tavsiye ediyorum,birde hızlı gönderi için hepsiburadaya teşekkür ediyorum hep böyle kalın.",positive
kosu banimla bi̇rli̇kte si̇pari̇s vermi̇sti̇m kosu bandimdan once geldi̇ terar si̇oari̇s verdi̇yi̇mde cok beklemi̇cem resi̇mde kucuk görünyor ama göründüyu gi̇bi̇ kücük deyi̇l kulanimi cok rahat herkeze tavsi̇ye edi̇yorum,positive
Kafanızın içinde beyin yerine bok var,negative
çok komik ve güzel çocuklugumun filmi,positive
ürün powerbanka tamamen uyum sağlıyor. ne büyük ne küçük geliyor. powerbankin güzel metal bir yüzeyi var ve kolay çizilebilir gibi duruyor. yani malı kıymetli arkadaşların bu ürüne ihtiyacı olacağını düşünüyorum.,positive
hızlı kargo - ürün bahsedilen ürün ile aynı.,positive
Hıc memnun kalmadık kı otelden.,negative
çok çok kötü yarısında çıkmıştım :((,negative
gelir gelmez hemen koridora iki duvar arasına sıkıitırdım vidalamaya falan gerek yok ama isteyen vidalayabilirde ben vidalamadım gerçekten şahane bi şey,positive
hiç beğenmedim çok kötü duruyo üstelik o resimdeki gibi gelmedi daha kötüydü çok ufak,negative
bir baş yapıt . Oyun camiasını kasıp kavuran GTA Vice city senaryosunun yapıldığı film birde keşke buraya yorum yapanların yaşları isimlerinin yanında yazsa :),positive
parfümün kokusu çok güzel çok da dikkat çekiyor fakat kalıcılık konusunda çok zayıf gün içerisinde tazelemek gerekiyor..bu nedenle tavsiye etmeyeceğim bir ürün,negative
bakimsizcok sakin ve kafa dinlemek icin gidilebilecek bir konumda olmasina ragmen maalesef hem denizin bir göl kivaminda olusu otelin bakimsizligi restauranttaki sineklere bir onlem alinamamis olmasi tuvaletlerde copleri klozete atmayin yazisina ragmen cop kutusunun sivi sabunun olmamasi gibi hayati kriterler sebebiyle otele girdigim gun cikis yapmis bulunmaktayim,negative
- tutuşu gayet iyi.,negative
ürün bekar arkadaşlar için tavsiye edilecek bir ürün. malzeme kalitesi orta duzeyde.yedek vida neredeyse hiç konuşmuşlar.kulplarin vidaları kısa geldi takılmadi yeni vida alacağım ürün boyutu ve bölmeli olması gayet güzel ağırlığı 90kg ve saklanma yapmıyor,positive
"Ürünün tek satırlık bir ekranı var istediğiniz şarkıyı o anda seçemiyorsunuz,sırayla gitmeniz gerekiyor. İçinden çıkan kulaklık çok çok kötü. Sesin son seviyesi bana yetersiz geldi. Direkt olarak bilgisayara takılıyor olması bir avantaj, şarjı da uzun süre gidiyor. Fiyatına göre fena değil ama ben beğenmedim.",negative
kesim: günlük tıraş oluyorsanız çok uygun bir makine. yüz hatlarını çok iyi kavrıyor ve hiç bir şekilde çekme ya da yanma yapmıyor. ancak 2-3 günde bir traş oluyorsanız uzun sakalları almakta çok başarılı değil. aynı bölgenin üzerinden bir kaç defa geçmek gerekiyor. ben kuru traş oluyorum ona rağmen günlük kullanımda oldukça başarılı,positive
gereksizlik abidesi.,negative
htc nin böylesi üst sınıf bir modelde iki ayrı ekran paneli kullanması can sıkıcı sırf bu sebepten telefonu almaktan vazgeçtim.sharp ve tianma olarak iki ayrı kalite panelin bulunması ve seçim yapma gibi bir şansınızın olmaması çok kötü keşke böyle bir seçeneğimiz olsaydı.,negative
Bu Film Çok kötü Bu kadar kötü olamazısını beklemiyordum 10 üzerinden&quot; 0 &quot; Tammammmmmm,negative
"Gerçekleri göstermesi felan tamam. ona ok. fakat bir film olarak bakıldığında, filmin konusu bile yok. Hayattaki bazı olayları üzerinden geçilmiş, geri kalanın hepsi o onu vuruyo, öbürü ötekini.. Yani Berbat ötesi bir film. 10/2. Bir puan; sahneler fena çekilmemiş onun için, diğeri ise gerçekleri yansıtmaya çalıştıkları için..",negative
simfer marka evime giren ilk ürün ve (ilk ve son).bildiğin merdiven altı üretim,negative
-karşı telefonu aradığımda'da bağlanması geç oluyor.internetten de araştırdığımda ağırlık bu sorunlar üzerin de toplanıyor.saygılar.,negative
yaa çok büyük umutlarla gittim ilk film beni çok eğlendirmişti ama bu öyle değil gerçekten hayal kırıklığı yaşadım sadece penguenler güzeldi ve onlara güldümm vasattı bencee 10/7 veriyorum ben oda penguenler hatrınaa : D,negative
2.sini aldım küçük olması çok avantajlı anahtarlıga bile asıyorum cok iyi. hemde 16 gb olması bi başka güzel bu kadar küçük ve 16 gb olması şaşırttı beni.,positive
diğer yerlere göre fiyatı gerçekten uygun. kalite olarak gayet iyi. siyah olduğu için ayrıca şık da duruyor. hızlı teslim edildi.,positive
ürünün gövdesi çok kalitesiz bir malzemeden yapılmış.diğer yandan yazılı olan özelliklerini ihtiva etmektedir.bu makineyi görerek almak isteseydim kesinlikle paramı bu makineyi almazdım.,negative
kadroya bak şampiyonlar ligi,positive
nicole kidman oynuyo diye gittigin bi filmdi ama sinemada ilk yarıyı zor ettik kız arkadasımıda aldım cıktım sinemadan ne kadar saçma anlamsız bi film en üzüldügüm nokta nicole kidmana hiç yakışmıyan bi film olmuş yazık...,negative
oyunculuklarda olmasa hiç güzel bi film deil.senaryo yazmayımı unutmuşlar ne yapmışlar hiç bişey yok.müzik zaten yok.Fazla bi beklentiniz olmasın.,negative
gerçekten belirli şekilde temizlik var yağlı her şeyi tertemiz yapmış çok ta güzel kokuyor,positive
ürün 23 saat içinde elime ulaştı .gerçekten gayet güzel.yanında gelen yüzükte oldukça hoş eşim için güzel bir anneler günü hediyesi olacak.,positive
kitap elime ulaştıktan 24 saat içinde bitti. kitap 183 sayfa ve malesef bir çırpıda bitiyor. tek kötü yanı bu. gerçekten çok zevk alarak okudum. herkese tavsiye ederim.,positive
tempo huysuzlanma yemlikli sokturma,negative
4 katlı olsa daha iyi olurdu.kullanışlı.,positive
Nenen ölsün lan sarı gelin,negative
ara kablosu çok kısa 10-12 cm bişey,negative
yeni nesil cam/seramik yüzeyli ocak için aldım. eskiden siyah zemin üzerinde hep beyaz kalıntı oluyordu. bu bezi durulamada kullandığımda hiç bir iz kalmadı.,positive
temizlikçimiz denedi 10 gömleği 30 dk ütülemiş çok memnun kaldı,positive
"kargodan gelen paketler iyi hazırlanmış ve kurulumu basit görünüyor. menteşe yerlerine dikkat etmek lazım, iç kapak dış kapak menteşeleri farklı, doğru koymazsanız iyi kapanmaz.",positive
ürünle yaklaşık iki haftadır çalışıyorum. ev için kullanımı ideal. fiyatı da gayet makul. biraz yüksek olması ve hafif sallanması tedirginlik yaratsa da hareketleri yapma da herhangi bir problem çıkarmıyor. fiyat performans ürünü diyebilirim. kurulumu ise gayet basit. önemli yerler zaten kurulu geliyor. size sadece ayakları ve mekik çekerken ayakları sıkıştırdığımız yerleri takmak kalıyor.,positive
"O büyük oyuncu kadrosuna, görkemli setlerine ve bir Spielberg filmi olmasına rağmen son derece grotesk bir masal. Ne çocuklar ne de yetişkinler için eğlenceli olmayı başaramayan 'Hook', yönetmenin filmografisindeki en zayıf film... (4/10)",negative
etlik marketten sepete ekledım arkadaslar cok ıtınalı ambalaj yapmış yorum bırakmamak ayıp olurdu tesekkurler,positive
"taban kalitesiz, derisi yumuşak ve kalıp şekli çabuk bozuldu, 1 yıldır kullanıyorum, parası kadar ayakkabı, alternatifleri değerlendirin.",negative
acaip hayal kırıklığına uğradım.. çok zorlama bir film olmuş.. film için fazla emek harcanmış belli ama senaryo çok basit geldi.. film boyunca film bitsinde evime gideyim diye yalvardım açıkçası..,negative
bekar ve öğrenci evlerine almak isteyen arkadaşlara tavsiye ederim.hem kullanışlı hem küçük hemde fiyatı yerinde.buzdolabı görevini fazlasıyla yerine getirebilir.hacmi de o kadarda çok küçük değil bence,negative
nasıl çalıştığını denemedim. kutu içeriğinden bahsedeceğim.,positive
aldıktan sonra pişman olmayacağınız bir ürün..bana kendimi çok özel hissettirdi..,positive
Aynı kişi mi bunlar ?,positive
git gelme buraya sakın gelirsen bacağını kırarım,negative
"tabanı  ütü  yapmayı  kolaylaştırıyor , üzerinde baskı  uygulamaya  gerek yok",positive
ısitma plakalari i̇nce esli̇ alaeti̇mi̇z bunun 2 mi̇sli̇ kalinliğinda i̇di̇,negative
o kadar güsel olmasada ii zaman geçirtecek bir film,negative
Hay sizin survivorunuza sokim,negative
ürün hoşuma gitti. ilk kullanımda verdiği destekten dolayı boyunda bir rahatlık verdiğini hissettim. ebat olarak ta gayet yeterli. i̇nşallah bana ve benim gibi sıkıntıları olanlara faydalı olurda şifa buluruz.,positive
"gişe için film yapıldığı hissi fazlasıyla uyandı bende. ilk filmin güzellikleri (örneğin müzikleri)2. cisinde o kadar fazla verlmişki, müzik içinde film izler gibi oldum. açıkçası hoşuma gitmedi bu film, yapay geldi bir çok sahne...",negative
"çocuklar hani ilgi duyar seyrede ya o tipten bir film , ne senaryo var ne konu var, hayretler içinde kaldım . işte insanlara marka isimleri böyle pazarlıyorlar .",negative
"çok gec elime ulaştı ve yapışkanlar cok kötü, yapıştırdıkca düşüp durdu mahvettı duvarı ????",negative
ürünü herkese öneririm..kesinlikle çok güzel bir saç düzleştirici..i̇ndirimdeyse kaçırmadan alın derim..pişman olmazsınız..bu ürünle hem düz hemde dalgalı saçlara sahip olabilirsiniz..,positive
üzerindeki butona bir kez basın otomatik bağlanıyor.,positive
film harikaydı. hele oğluyla istasyonun tuvaletinde kaldıklarında kapının çalnması anı hep gözlerimin önünde o an benim bile gözümden yaş geldi tek kelimeyle 10 numara bi film,positive
"ürünü daha öncede kullandım, birçok markaya göre daha kalıcı koku vermektedir. ürünün yanında gönderdiğiniz hediye içinde teşekkürler h.b.",positive
"ütümü değdirir değdirmez eridi. sıcaklığını azalttım öyle kullanabiliyorum, üzerinde kaymıyor.",negative
"ürün çok kötü, 9 yasindaki oğlumun ısrariyla bir heves aldık ama hiç faydalanamadi. bişey görünmüyor. i̇ade etmek istedik ama faturasini bulamadık.",negative
ürün iyi sayılır fena değil ancak çift taraflı yapıştırma bantları hemen bırakıyor daha kaliteli bant getittirmeniz şart!,negative
çok beğendim. teşekkür ederim.,positive
film o kadar ahım şahım bi film değil idare eder işte ehhh,negative
ses kalitesini başarılı bulmadım.bazen karşıdakini anlayamıyorum.sarjı iyi dayaniyor fakat ses kalitesi de cok onemli.,negative
etherneti yok dreamboxla alakası yok ah keşke dreambox böyle bi şey çıkarsa piyasayı allak bullak eder,negative
geri kalan herşeyi güzel sadece eksi yönlerini yazdım . tavsiye ederim fiyatını hakeden bir cihaz.,positive
bu ağırlıklar bi harika dostum.boyası azcık özensiz azcık da dökülmüş gibi amma bu fiyata 2x5kg müthiş,positive
"kurulumu gayet kolay ve eğlenceli,dış çerçeve tamamen beyaz geldi resimlerde ki gibi değil ortadaki 2 tene sabit kısım kahverengi tonda diğer kısımları beyaz geldi, onun haricinde kullanışlı ve güzel,  tavsiye ederiz.",positive
"dijital kısımda ise alarm, 2 adet ayrı ayrı birbirinden ve analogtan bağımsız saat ayarlayabiliyorsunuz. ayrıca ay ve gün olarak tarih ayarı da var. isterseniz saat başında dıt dıt diye ses bile veriyor :d isterseniz kapatabiliyorsunuz. ışığıda olsaydı çok iyi olurdu.  ayrıca kordonun ucunu biraz kalın yapmışlar, fazla uzun olan yeri halkaya takınca çıkması öyle kolay değil.",positive
malesef televizyon filmi seviyesinde vasat bir film.gülün bittii yerden tanıdığımız ismail güneş bu filminde beni açıkçası hüsrana uğrattı.sinematografik analmda yapılan yorumları tekrarlamıyacağım ama bu film için bir milyon dolarlık bütçeye yazık olmuş.inşallah ismail güneş gelecek projeleriyle hakkındaki bu kötü izlenimleri düzeltir,negative
gerçekten verdiğiniz parayı hak ediyor,positive
sokaktaki köpeklere verdim.yemediler.sokak kedilerine verdim onlarda yemediler. 3 gün önce koyduğum kuru mamalar halan yerinde duruyor.kesinlikle tavsiye etmiyorum.,negative
yaa mehmet aslantuğdan daha iyi birşey beklerdim.çok kötüydü be olmamış hiç.10/1,negative
"bu parfümü senelerdir kullanırım.. kaliteli, kişilikli bir kokusu var. kalıcılığı da mükemmel. asıl burdaki fiyatı süper, kokunun müptelaları ve adayları kaçırmasın derim. teşekkürler hepsiburda.com :)",positive
düşünmeden alın 4 yıldır kullanıyorum çok memnun kaldım bugün annemede aldım...,positive
Kaç tane oskar alacak merak ediyorum... kusursuz bir film 10/10,positive
Ürün elime geçti. Kullanma klavuzu yetersiz kalıyor. Kurulumu kendi tecrübelerimden faydalanarak gerçekleştirebildim. Çekim gücü fiyatına göre gayet iyi. siteye teşekkürler,negative
Ya bi sktir sonradan görme varoş köpek,negative
gerçekten özellikleri çok yüksek bir telefon.,positive
"bence mükemmel,ilk işe başladığınızda hemen ısınması, yeterli ısıya gelince",positive
günün teklifi olarak geçmektedir ama piyasada zaten bu fiyata satılmaktadır.,negative
orjinal ürün ve cok hizli geldi . en ucuz da burada. daha ne düşünüyorsunuz,positive
hiç beklediğim gibi olmadı iade edecem bence başka bir marka tercih edebilirsiniz,negative
urun cok kotu 2 gunde yunlendi. hic tavsiye etmem gereksiz yere paranizi harcarsiniz,negative
kargo hızı ve geri iade kabulu için hb teşekkür ediyorum. fakat ürünü telefonumda kullandığım şarj aletimle şarj ettim ve şuan orjinal şarj aletim kullanılamaz halde tavsiye etmiyorum kesinlikle,negative
"izlediğim vakti boşa hacadığımı düşünüorum, o kadar kötüydü malesef...",negative
ürün yazılan gibi degil çok çavuk ısınıyor fazla ömrü olmaz yanar,negative
bu fiyata bu ürünün olacağını düşünmüyordum. eski modelini kullanıyordum bunu alınca anladım ki belli bir süre sonra şarjı da zayıflıyormuş.,positive
"çok uzun süredir araştırıyordum ve yine hepsiburada en öne geçti fiyat ve teslimat olarak,",positive
"yapılan yorumlar gerçekten doğru, ürün kaliteli fakat baş kısmı çok terletiyor, bir de ilk geldiğinde bayağı kokuyordu şimdi azaldı, genel olarak güzel, yatma pozisyonu da iyi, verdiğim paraya acımıyorum karşılığını veriyor. almak isteyenlere tavsiye ederim.",positive
oldukça iyi tavsiye ederim,positive
herkese tavsiye ederim avizeye ufak bi modifiye yaparak yukarı bakacak sekildede ayarlayabiliyorsunuz ve yukarı bakacak sekılde ayarlarsanız ısık gozunuzu rahatsız etmıyor tavsıye ederim hepsi buradaya tesekkur edıyorum.,positive
"daha önce okey hisset ve rötar kullandım, onlar daha iyi performans sağlıyordu, ama buda fiyatına göre fena sayılmaz, yinede tavsiye edilebilir...",negative
çok iyi ürün hiç bir sıkıntı yaratmadı 2 ay ünce aldım  iki çocuğum icin biri 6 biri 4 yaşında ikisi de biniyor alacak arkadaşlara tavsiye ederim,positive
ya bence çok komik bi filmdi izlerken korkmadım aksine gülme krizlerine girdim,negative
düşünülecek tarafı yok,positive
İlk filme bak buna bak ilk filmin adını kırletmış sadece bence izlemeyın...,negative
"Olumlu yönleri: Olumlu bir taraf göremedim maalesef satıcıya teşekkürler  Olumsuz yönleri: Bıçağı çok adi,ilk kullanımda dişler eridi,motor kısmı cama sabit otumadığı için birşey öğütmek resmen işkenceye dönüşüyor.Paranız çöpe gider...",negative
Çok kötü boşuna 3D ye bide para verdik berbat vakti bol olan izlesin.,negative
urun aldik ama primanin eski kalitesi yok sabahlari bebegimiz uyandigimda alti  kiyafetleri islak bir sekilde buluyoruz primanin buna acil olarak bir cozum bulmasi gerekiyor,negative
elime çok çabuk gecti,positive
bugune kadar boşuna fırça sürmüşüz dişimize cok iyi ancak 2 dk.sonra durmuyor ve şarz göstergesi olsa süper olurmuş,positive
"eşimin söylediğine göre pamuk azmış içinde çabuk doluyormuş ve pamuklar eşit dağıtılmamış beze kimi yerde fazla kimi yerde azmış.pamukta topaklanmalar ve yer yer kıymığa benzer tene  batan şeyler varmış.2 paket almıştım prima kalitesinde diye lakin yanılmışız primayla uzaktan yakından alakası yok gerçi ismi  pampers.tavisye etmiyorum ,alacaksanız prima ismi taşıyan ürünü alın.",negative
bence çok kötü bir filmdi bende bitsede gitsem diyenlerdendım kendi skeçleri daha güzel öyle birşey bekliyordum ama çok sıkıcıydı,negative
peşin alımlara göre pahalı gelebilir ama taksit seçeneğiyle 12 ay vadeli alınca çok fazla kâr yapılıyor ayrıca 2 gün içinde elime ulaştı,positive
mükemmel teşekkür ederim,positive
kayma veya patinaj yapmıyor.,positive
hafif bir film. televizyon filmi. sinematik bakımdan bir çok eksiği var.arkadaşlar neyini beğendiniz bu filmin.,negative
"bu fırçayı alalı 10 ay kadar oldu.  gerçekten çok memnun kaldım. saça çok güzel şekil veriyor, dolgun ve parlak yapıyor ; üstelik  çok kısa bir sürede.",positive
daha iyi ve sık işlene bilirdi. 10/3,negative
Facebookta paylaştım zaten. Genel olarak memnun kaldım. Yemekleri tavsiye ederim. Çalışanlarla güzel bir arkadaşlıklarımız oldu. Kalite ücret dengesi yüzünden tavsiye ederim.,positive
filmin başı sıkıcı.. orası idare edr sonu berbat ..ama verdigi mesaj mantıkıı bence filmi yapanlar filmin sürükleyiciligine önem vermeyip mesaja önem vermişler.. film sıfır mesaj bir;),negative
Bekelemezdim böylesini kötü kötü kötü..... Diyecek başkada birşey yok.Sırf aksiyon olsun diyede izlenecek bir film değil.,negative
okumak istediğim bir kitaptı. bu fiyatta bulunca kaçırmadım.,positive
Çok sıkıcı bir filmdi.Film izlerken bu kadar sıkıldığımı uzun süredir hatırlamıyorum.Filmin başından sonuna kadar İnsanlık ırkına eleştiri yapılıyor.Anlamsız ilişkiler seyirciye sunuluyor.Yönetmen sanırım &quot;A Clockwork Orange&quot; filmindeki anlatım tarzını örnek almış.Ama o filmle kıyaslanamayacak derecede kötü iş çıkartmış. 6/10,negative
"Filmin vizyona girdiği tarih eski olsa da, kadrosundaki Ryan Reynolds, Ray Liotta, Ben Affleck, Andy Garcia gibi isimler (fazla isim yazdığımın farkındayım ama herhangi birini atlamaya kıyamadım) sayesinde filmin kalitesi izlemeden bile hissediliyor.",positive
ertesi gun soylendigi gibi elime ulasti. kablonun uçlari fotograftakinin aksine altin olmasi guzel oldu,positive
herseyiyle yerlerde surunen bir macera. Hicbirseyi ciddiye almaniza gerek yok cunku ciddi bir sey yok ortada. Arnold&#39;in unutulmasi gerekilen filmlerinden biri. Ayrica patlamalarda dublorlerin firlatildigi rampalarin gorunmesinden tutun da surusuyle cekim hatasinin oldugu bir film...(3/10),negative
"şişkoya çelik olsa dayanmıyor, bu kaliteli görünüyor. umarım bozulmaz.",positive
tedarikçi firmaya göndermiş olduğu hediye için teşekkür ederim.ürün sorunsuz ve hızlı bir şekilde elime ulaştı.,positive
Denizi çok güzeldi. Bundan bahsederim.,positive
alelade bir diyet kitabı değildir.,positive
ürünü kargo firmasından gidip kendim almak zorunda kaldım ürün kutusunun üstü acıktı eve geldim kurulumunu yaptım fakat buhar vermiyor vantilatör kismi fena değil bekledigim gibi çıkmadı,negative
super bi makina bu paraya,positive
ürünü alacak arkadaşlara kesinlikle tavsiye ederim.çok hoş kalıcı bir kokusu var tabi tene göre farklılık gösterir.ürün çok başarılı.kısaca armani farkı...,positive
daha önce remigton pg400 kullanmıştım. ona göre malzeme kalitesi bıçak kalitesi şarj süresi gerçekten kötü. şarjda iken kesim yapmıyor. dolmasını beklemeniz gerekiyor. paranıza kıyın daha iyi birsey alin.,negative
bu fiyata kaçırılmayacak bir ürün.,positive
güzel bir  boya saçlarım eski doğallığına geri döndü. kendinizin uygulayabilmesi özellikle çok güzel bir özellik. tavsiye ediyorum. denerseniz neticeyi görürsünüz.,negative
kargo süresi biraz uzun sürdü ama ürün harika ayrica paketlemeye gösterdikleri özen için teşekkürler.,positive
bu fiyata bu ürünler harika,positive
Bence bu filmi izlemeen önce A Moment to Remember adlı filmi izleyin. Hiç olmazsa orjinali. Konusunun 1 e1 aynı olması bir yana replikler bile aynı. Filmde güzel olan tek şey Fahriye Evcenin söylediği şarkı çok hoşuma gitti. Onuda diğer filmin arka planında çalarsanız . Türk usulü Kore filmi izlemiş olursunuz :)))),negative
Ah Beşiktaş ah..,positive
muhteşem bi film gerçekten. bırakın kendinizi film e zamanın nasıl geçtigini bile anlamayacaksınız....,positive
"i̇phone 6s kullanıyorum, boyutu 6s'den daha büyük ayrıca ilk şarjda 18-19 saatte doldu diyebilirim. yani 20.000mah. olduguna bakmayın onu doldurmasıda ayrı bir dert yanınızda taşıması apayrı bi dert. hata ettim diyebilirim daha önce asus 10500mah vardı çok memnundum taşıması şarj süresi iyiydi arkadaşlar. ben açıkcası önermiyorum ve tavsiye etmem pişmanda oldum ama iş işten geçti.",negative
diş teli kullandığım için aradığım ve karşıma çıkan kullanışlı ve kaliteli bir ürün ortodontik tedavi görenler anlar faydasını,positive
bi film bu kadar sıkıcı olabilir,negative
"çok büyük hayal kirikligina ugradim , bazi efektler güzel sayilabilir ama oyuncularin performanslari iyi degil",negative
kitap çok güzel. hızlı gönderi. teşekkürler.,positive
"ürünü aldıktan 2 gün sonra eve getirdiler, çamaşır makinesini kullandım 1 hafta fiyatına göre gayet kaliteli ve konforlu. hepsiburada.com teşekkürler.",positive
kargo hızlı ve mağazaya da ilgisi için teşekkürler,positive
Ya bir sktir git lafa bak iticiymiş ulan siz mi belirliyorsunuz millet ne giyecek biri şortluya tekme atar diğeri kapalıya itici der Bir de karını diğer soytarı ile kıyaslıyor boş konuşmak ne kadar kolay,negative
üzerindeki logosu yeter.,positive
"kahve öğütme ayarı çok olmasına rağmen türk kahvesi inceliğine ulaşamıyor, diğer basit öğütücüler gibi tuz veya baharat çekmek te mümkün değil. kısacası aldığım delonghi ürünlerinden hep memnum kalmama rağmen bu ürün hiç bir işime yaramiyor....",negative
"bu ürünü arabamda kullandım fakat sadece saç teli kalınlığında olan, derin olmayan çizikleri gideriyor. beklentimi karşılamadı kalın çizikler hala duruyor",negative
michael ceranın tek kötü filmi.,negative
herkeze tavsiye ederim kullanımı kolay kalitesi mükemmel,positive
ürünü ücretsiz kargo ve hediye çeki ile aldım. başka bir marka kullanınca hemen finish farkı görülebilir. ancak biraz daha fazla ödeyip quantum modellisini almak daha iyi olur.,positive
ürün bir günde elime ulaştı. ayrıca ürün de kaliteli. dışarıdan yüksek fiyatlı almaktansa hepsi burada dan almak çok avantajlı. teşekkürler,positive
ben izleyeli yaklaşık 1 ay falan oluyo ama konu diye bişe yok ben hiç beğenmedim verilen oscara yazık,negative
iki şehirden nefret ediyorum biri izmir diğeri de balıkesir atom bombası olsa bu iki ile atarım djkd,negative
Çok güzel bir film. Kesinlikle izlenmesi gerek. Japonlara biraz yüklenmişler ama o kadar da olur. Sahneleri ve filmin akıcılığı oldukça iyiydi.,positive
verilen parayi son kurusuna kadar hakeden bir urun,positive
ürün kaliteli ve hızlı alacak olan arkdaşlara hayırlı olsun...,positive
ürün hızlı bir şekilde teslim edildi. ayrıca iyi fiyat için teşekkürler.,positive
Sokım ona sana birşey olmasın,negative
sıfır maliyetle ancak bu kadar film yapılırdı.filmde o kadar çok hata var ki saymakla bitmez.laptop parçalama sahnesi bile gerçek değildi.3 bile çok bence,negative
"hepsiburadaya hızından, kalitesinden dolayı teşekkürler.",negative
"ilkindeki esprilerin aynılarını almaları çok kötü olmuş.birincisi çok iyiydi,ikincisi kopyası olduğu için hayalkırıklığı.",negative
bu klavyeyi rahat bir kullanım için tercih ettim. i̇stediğim zaman kucağıma alıp kullanabiliyorum.fazla yer kaplamıyor zaten.ama sessiz tuş demelerine rağmen tuşlardan baya ses geliyor.ürün 1. kalite bunu da belirteyim.,positive
"çiftliğimde 4 köpeğim, 3 kedim, 8 tavuğum var, hepsi severek yiyor. bir senedir bu markayı alıyorum çok memnunum.",positive
ürün orjinal ve gerçekten fiyat performans ürünüdür tavsiye ederim,positive
İzlediğim en iyi bir kaç iğrenç filmde biri...3/10,negative
ya bırakın iyiymiş izlerken sıkıntıdan patladım bide oscardan falan bahsediyolar hele o müzikler Aman Tanrım!!!!!!,negative
"yapacak hiç ama hiçbişey bulamasanız bile sakın bunu izlemeyin derim. he dersiniz ki hayattan bi beklentim yok, acı çekip sabrımı denemek istiyorum.. işte o zmn ya boğazdan atın kendinizi yada bu filmi ....yinede izlemeyin!!!",negative
ürün fiyatının oldukça üzerinde bir performans gösteriyor. aracımın koltuklarında kusan lekelerini talimata göre uyguladım ve sonuç süper idi.,positive
O kadar farklı bir konusu var ki yani çok şaşırttı beni. Bu senaryo nereden gelmiş akıllarına acaba?,negative
montaj yapan usta bile hayran kaldı.ses vs asla yok ve süper siliş,positive
"True Romance leş gibi Natural Born Killers kokuyor, Natural Born Killers'tan kalan senorya artıkları başarılı oyunucularla bile pek bir şeye benzememiş... Vasatı övmek iyiye haksızlıktır. Gerçek aşk? Yok daha neler, elemanların arasındaki aşk şeysi benim aşk anlayışıma pek uymuyor ayrıcana romantizm ve sevgiyi Tarantino filmlerinde ariyorsanız ben ufak ufak kaçıyim...",negative
64 gb lik bu fiyata alinir,negative
uygun fiyat zamanında teslimat. teşekkürler.,positive
"ürünü almadan önce çok tereddüt ettim.yorumları okurken, herkse saçların kuaförden sonraki haline geldiğini yazıyordu, ancak benim saçımda da aynı etki yaratacağını hiç düşünmemiştim.saçım çok uzun ve gür.hemen kullandım ürünü ve inanılmaz memnun kaldım.gerçekten kuaföre gitmeye gerek kalmadı fön için. önceden de aynı makineyi kullanmadığımdan pişmanım.düz fön isteyen herkese tavsiye ederim",positive
yazma hızı yavaş. yeri geldiğinde 20mb/sn kadar iniyor ama 50 60 mb lara çıkıyor bazı zamanlar. ama genel olarak yavaş diyebilirim,negative
"Filmde hiçbir şey yok. Ne konu, ne komedi hiçbir şey yok. Peki filmden ne öğrendik?Ben de bilmiyorum..Bir daha yapmamayı öğrendik sanırım.Ne yaptığımızı bir bilseydim keşke.",negative
gayet kullanışlı ve şık. tavsiye ederim.,positive
"kasa çapı 4,37 cm dir.",positive
yorumları okudum herkes çok memnun ancak bende koyu kahveyi 4-5 defa denedim gündüzleri güneşin etkisi ile kırmızı gibi görünüyor buda beni çok rahatsız ediyor.yorumları okuduğumda acaba yanlış mı kullanıyorum diye kendi kendime sormadan edemiyorum.,negative
Tek yapmanız gereken sponsorları takip etmek herkes açabildiği kadar fake açsın,positive
Ürün her nekadar kullanılmış olarak gönderilsede ucuz olduğu için uğraşmadım verdiğim puan satıcı içindir,negative
çirkinlik abidesi liboş,negative
"Olumlu yönleri: Fiyat makul gibi ama üzerine 500 ila 700 tl ekleyip lg philips alınabilir  Olumsuz yönleri: Yıl olmuş 2019 sesli komut özelliği hala yok, lg Samsung 55” 4bin küsüre var yerli üretime destek verelim ama kalite yok ucuz malzemeyi getir montajla misliyle sat görüntü kalitesi tatmin edici değil para kolay kazanılmıyor",negative
"bu ürünü alalı neredeyse 1 yıl oldu .hiçbir sıkıntım yok ,bana çok gürültülü gelmiyor ama temizliği çok başarılı .kesinlikle tavsiye ederim",positive
Lütfen okuyun... arkadaşlar ben burda yazılan kötü yorumları okuduğum halde dikkate almadım ve gittim ama inanın hayatımda bu kadar kötü bir filim görmedim.çok ciddi cem yılmaz hayranıyım ama bu filim mahfetti beni.Sakın gitmeyin gidersenizde hakettiği puanı verin ki sizden sonrakiler gitmesin en azından...,negative
bu kadar gzl bi konu ancak bu kdr iğrenç bir şekilde işlenebilirdi bi iki sahne dışında gerçekten işe yaramaz !!!!,negative
fiyat olarak birşey söylemek zor. marka olarak maalesef ürünlerini biraz pahalı satıyor. diğer yönlerden oldukça başarılı. gaz oluşumunu bariz şekilde azalttı. başka biberon ile kıyasladım daha az gaz yapıyor. sanırım emziğin yapısı ile ilgili bir durum. bütçe yönünden sıkıntı yoksa alınabilir,positive
vasatttt...ızlemeyın arkadaslar bence.su ana kadar ızledığım en sacma ucak fılmı.102 daha fazla etmezzz.,negative
izlediim günü hatırladım simdi..dijeq fasla bi söz yoq..derinden vuran bir film!!!,positive
"sipariş verdim ertesi gün elimde oldu. kahveyi hızlı ve bol köpüklü olarak yapıyor, çok memnun kaldım.",positive
hayatımda böyle abuk bi film izlemedim. filmi çok izlemek istiyordum ama hayal kırıklığını bu kada acı yaşayacğımı bilmiyordum. 3D bu kadar mı kötü olur. bi senaryo bu kadar mı abuk olur. paranıza yazık etmeyin.,negative
biz de onu diyoruz maçı tatil ettiyse neden oynayıyor diye ama öküz yüne öküz hoş laf yine eşşek,negative
ayakkabiliğa i̇hi̇ti̇yacim olsa yi̇ne bu ürünü alirdim.,positive
"bu ürün lastik parlatıcının geldiği son noktadır. ""adamlar yapmış"" dedirtecek performansa sahiptir. fiyatı diğerlerine göre çok olabilir ancak bu jel ile her hafta bir kere sürseniz bir yıla yakın gidiyor. dolayısıyla aynı sürede sprey veya köpüklere vereceğinizden daha az ödemiş olursunuz.",positive
sanırım daha uzun süre kullanacaktır. teşekkürler hepsiburada.,positive
yapabilceğim en ağır yorumu yapmak isterim ama biraz kaba kaçar sanırım:Pneyse...kısaca sıradan ve sıradanlığın da ötesinde saçma bi şey(!),negative
"gayet başarılı bir ürün çok kaliteli, fiyatıda çok uygun. sipariş verdikten 1 gün sonra elime ulaştı buda hepsiburada.com ayrıcalığı olsa gerek :)",positive
hiç bir yorumu okumadan direk yazıyorum.komik eğlenceli harika 2 saat:) izlenmeli:),positive
yataktan ziyade ürünün hizli gelişi beni şaşırttı... eşimin doğumuna az kaldı yatağın hemen gelmesi gerekti kaygılarım vardı osmaniye de oturuyorum iki günde geldi.. teşekkür ederim hepsiburadaya... yatak biraz kokuyordu havalandırmak lazım bir kaç gün ama gayet güzel görünüyor bakalım kızımız begenecek mi,positive
Fiyatına göre iyi kiple plastik olduğu için diğer modellere göre afif tek sıkıntısı şeffaf kapağı oda çok ince olduğu için yerine takarken bi tarafını kırdım orasına dikkat edin bence taktıktan sonra çıkarmaya uğraşmayın gene kırılıyor,positive
Bir daha hayatım boyunca Quentin Tarantino filmi izlemeyeceğim yemin ediyorum....,negative
satıcı firma dürüst ve hızlı. çok hızlı ve zamanında teslim edildi montajı çok basit. teşekkürler hepsiburada.,positive
"bildiğiniz silikon, kenarları renklendirilmiş, arkası şeffaf, ince, basit bir kılıf.",negative
"iyi...iyi...10/9,5",positive
8 yasındaki oğluma verdim.,negative
bu fiyata ve kaliteli ürün kesinlikle alacak olanlara hiç düşünmeden almalarını tavsiye ederim. firmaya da hızlı kargo için teşekkür ederim.,positive
evde mangal yapmanın en muhteşem yolu,positive
çok kullanıslı görünüyor fakat acayip titriyor ilk kullandıgımda resmen kolum uyustu bir dahada kullanmadım.ssanki asvalt kırma makinesi kullanıyorsunuz titreşim çok rahatsız edici,negative
İçimizdeki satılık kalemşörler,negative
İfsalanmıssın da hic sexy degilsin tatlım kus öldü can cekiserek,negative
bu kadar düşük fiyatı görünce beklentilerimi çok düşük tutarak sipariş ettim ama beklediğimden daha iyi çıktı.,positive
Yönetmen ve senaristler belli ki Quentin Tarantino tarzı senaryo ve yönetimlerden etkilenmişler ve benzeri birşey yapmaya çalışmışlar ama ellerine yüzlerine bulaştırmışlar.,negative
kesinlikle memnun değilim el blender'ı hem çok zor parçalanıyor ve ısınıyor hem de inanilmaz derecede etrafa sıçratıyor.,negative
amanın sen bu tarz filmlerden uzak dur stallone abicim. 4/10,negative
keanu reeves&#39;i matrix serisinden sonra gozumuzden dusmesini saglayan film(!),negative
ya film için tek diğecek şeyim var oda çok sıkıcı olması.Nerdeyse uykum geliyordu.Bİraz da karışık olmasıve ve hiç heyecan olmaması uykum gelecek halini alıyor.Şiddetle tavsiye etmem.Ama inat edip izlemek istiyorum diyorsanız keyif sizin...,negative
"masa ve kitalık bölümü çok küçük,görüntüye bakmayın",negative
Tefal Activflow Pro 1000W Blender Seti Kırmızı siparişimi teslim aldım.Ürün çok kaiteli ve orijinal.Hızlı kargo için'de ayrıca teşekkürler.,positive
"ürün süper hızlı gönderi olmasına rağmen 3.günde elime ulaştı. hepsiburada.com'dan müşteri hizmetleri gecikmeyle ilgili bildirimlerde bulundular. fakat benim için bir sonraki alışverişimi etkileyecek yönde bir deneyim oldu. ürüne gelince ürün yorumlarda da belirtildiği gibi fiyatına göre gayet ideal, kaliteli bir ürün. beğendim.",positive
O kadar abartılacak bir film değil. Bence zaman kaybı. Zaten bir iki ses irkilmesi dışında bir espriside yok. Dabbeden sonra izlediğim en felaket korku filmi.,negative
çok güzel ürün pudra kokusu fazla gelmiyor ama kağıt kalitesi çok iyi selpak en iyisi çok çabuk geldi fiyatıda uygun yanında hediyesi de car çok teşekürlerr,positive
"Yıllarca edepsizlikle bu ülkenin kaymağını yediler. Şimdi zoruna gider tabi. Hükmünüz bitti, pisliğinizde kaybolun",negative
"süper komik vb. yorumları görüp beklentim yüksek mi oldu bilmiyorum ama idare eden bir film,kahkahalara boğulmadım,gülümsedim sadece...fena değil BENce..",negative
ciddi manada çok iyi ve makul fiyat kesinlikle tavsiye ediyorum,positive
Filmin konusunu okumayı sevmem. Film de Uşşak’a daha gelmediği için ne yazık ki yorum yapamayacağım. İlgililere duyurulur.Yahu siz filmleri ne zaman izliyorsunuz hemen de yorum yazıyorsunuz anlayamadım.,negative
"fargo'yu yere göğe sığdıramayan bi sürü film yorumu okudum we konusu da ilginç geldi heyecanla, mutlaka izlemeliyim dedim, ara tara buldum cd sini. film bitti ve ben,hayal kırıklığım ve zaman kaybımla kalakaldım . konu bu kadar güzelken bi film nasıl bu kadar vasat olur, yazık ya yazık..",negative
i̇lk kez bu siteden alışveriş yaptım.diğer 2 ürünüm bir kaç saat içinde kargo hazır olmasına rağmen bu ürün tedarik sürecinde.,negative
ürünü tp linkin diğer ürünlerini kullandığım için almıştım güvenerek fakat cihaz client modda çok kötü çalışıyor.bunu tek bir cihaz için söylemiyorum baka bir yerdende almıştım.ordaki cihazlarda aynı performansı gösterdi geri verdim.client mod kullanacaksanız benden size tavsiye,negative
kisacasi ürün siemens gibi bir markanin degil üretmesi satmasinin bile yanlış oldugu bir ürün bence.,negative
Kargoda hep sorun oldu,negative
bilmiyorum yani benim pek hoşuma gitmedi film. zaten ben oldum olası siyasetle ilgili filmlerden nefret ederim. bunun bazı eğlenceli tarafları vardı belki ama izlemeye değmez gibime geliyor. yine de siz bilirsiniz...,negative
"ürün orjinal olmakla, gayet kibar, güzel ve kullanışlı..daha önce 10400 olanını kullanmakla ağır ve yer kapladığından dolayı bu ürünü tercih ettim. telefonumun yanında elimde dahi rahatlıkla taşıyabilmekle en az 2 defa telefonun şarjını doldurmaktadır. kibar olması, taşınma kolaylığı ve dayanıklılık için kesinlikle  tercih edilebilecek bir ürün..",positive
şık ve güzel bir ürün. tavsiye ederim.,positive
ocean's 12 ocean's 11 in yanından bile geçmedi ama bu film sanki biraz daha iyi olmuş gibi.keşke sadece ocean's 11 kalsaydı devamı çekilmeseydi ama bu gidişle 4. de geliyo galiba.,negative
"makina çok hafif, çok güzel. beklediğimden çok çok iyi çıktı. hepsiburada.com zaten çok güzel bir sistem... kesinlikle tavsiye ederim.",positive
Shyamalan ve wahlberge yakışmıycak bi film zayıf bi senaryo bnce.izleyin ve shyamalan böyle kötü bi filmi nasıl yapmış görün.sadece shyamalanın ismi hatırına 106,negative
sorunsuz kullanıyorum memnunum,positive
"güzel ürün motor sesini azaltıyor, az da olsa çekişte  fark ediyor.",positive
benzeri özelliklere sahip telefonlarla kıyaslandığında çok daha foksiyonelbir telefon.dokunmatiği çok iyi ihtiyaçları fazlasıyla karşılayabilecek nitelikte .bu telefonu almayı düşünenlere kesinlikle tavsiye edbileceğim bir telefon,positive
6 aydır kullanıyoruz gayet iyi,positive
rezalettek anlamıyla rezalet şikayetine bile vakit harcamama değmez    o kadarını derim ancak personel rezalaet yemekler eh yer yok masada restoranda,negative
tavsiye derim kesinlikle alin mahkemeye fazla para vermek anlamsız. şimdi kardeşime ve babama da siparis verdim.,positive
kullanamadım kiiiiiiiiiii,negative
ürün cildi geriyor bu hoş bi şey ayrıca içerik yönüyle de sağlıklı bi ürün ancak kuru ciltler için nemlendirme yönüyle zayıf kalıyor,negative
akıllı saat almak isteyenler düşünsün derim. fiyatı oldukça uygun. mağazalardan 200 lira daha ucuza aldım,positive
bu siteden alışveriş yapalı yaklasık 18 ay oldu sayısızca ürün aldım hepsinden memnunum bu ürüne de gelince ari̇el kalitesi tartısılmaz birde piyasaya göre ucuz ve kargoda bedava olunca kaçırılmayacak alışveriş derim hepsiburada ailesine tesekkürler....,positive
bence inandırıcı olup olmaması değil problem; tabiki de inandırıcı değil ve tabi ki de inanmak gerekmiyor... ama şu çok net ki.. izlediğimiz onca güzel savaş filmlerinden sonra sadece gereksiz.. olsa da olur olmasa da,negative
gigaset kalitesi tartışılmaz. markaya güvenerek aldım. en ufak bir cızırtı yok. ayrıca içindeki ninni ve ebeveyn alıcısından odadaki sıcaklık ve nem oranını görebilmek çok işe yarıyor. tavsiye edilir,positive
"öncelikle hızlı kargo için teşekkürler, bulaşıkları temiz yıkıyor, leke bırakmıyor. fiyatı çok abartı uygun olmamakla birlikte rahat alışveriş, kapınıza teslim diye düşünürsek uygun diyebiliriz, yalnız bana kase gelmedi, ya kampanyası değildi ya unutuldu bilmiyorum...",positive
25 şubat 2011 mie amerikada 25 aralıkta gösterime giriyor.coen kardeşlerin filminin 2 ay geç gösterime girdiği bi ülkede yaşamak üzüntü verici,negative
herkese tavsiye ediyorum. okunması gereken bir kitap,positive
"diş aralarının temizliği için çok güzel bir  alet.fakat ip  eczaneden aldığımız gibi yumuşak değil,sanki balık misinası gibi.diş etini neredeyse kesecek.dikkatli kullanmak lazım ya da ipi kaliteli bir ürün bulmak gerekiyor.",negative
teşekkür ederim. her şey çabuk oldu.mutluyum...,positive
cihazı aldım 2günde diyarbakıra geldi. cihaz söylenenin aksine 3 oyun ile geldi. keşke 3. oyunu söyleseydiler ben onuda almıştım. gayet güzel.,positive
kötü...cok yapay.. görüntüler cok kötü..cok abartılı.. izlemek zaman kaybı.. filmin tek güzel tarafı milla,negative
"Film akıcılık,amaç unsurlarından hiçbirini arındırmıyor.Görsel efektler ve Charlize için izlenilebilir olsa da izlemeyin derim.",negative
"pil interneti az kullanıyorsanız abartısız net iki gün gidiyor.üstelik çabuk şarj oluyor.kamera zom 4x, 2x değil.ekranda kullanırken kolay kolay parmak izi olmadı ve henüz küçük çizikler de oluşmadı.",positive
hayatımda izlediğim en berbat filmdi içindeki yabancıyı geçmesine çok üzüldüm o film daha yukarlarda bi yeri hakediyo bir numara o olmalıydı,negative
gereksız vasat ve sıradan bı fılme benzıyo Zeynebin sekiz günü gıbıyse harbıden yandık kı benzıyo :D,negative
